CustomerID,PhoneNumber,Email,LastName,StreetAddress,City,StateProvidence,PostalCode
1,0733413956,qcocci@example.org,Gradenigo,"Vicolo Piane, 23 Appartamento 1",Silla,UD,07045
2,+39 071697848,marissa51@example.com,Rizzoli,"Piazza Iannelli, 98",Cusino,CL,28841
3,+39 0918095704,arturogiusti@example.net,Bosurgi,"Strada Tutino, 92",Rocchetta Sant'Anton,PV,09014
4,+39 35058346581,gianlucaboccherini@example.com,Argentero,"Piazza Benedetto, 3",Torri Di Quartesolo,BT,38078
5,+39 05367382936,cesarecagnin@example.net,Ricciardi,"Incrocio Schiavone, 61 Appartamento 3",Monghidoro,PG,98168
6,+39 0761247318,veltroniromina@example.org,Cabrini,"Incrocio Sebastiano, 13",Talsano,AG,72029
7,350574687,gian09@example.net,Veneziano,"Piazza Benigni, 8",Villa Paterno,VI,16165
8,+39 096313619,pucciflavia@example.net,Zetticci,"Borgo Mazzocchi, 384 Piano 1",Altenburg,MB,37012
9,+39 019838425,ippazio27@example.net,Marazzi,"Canale Cammarata, 4",Tufillo,FI,23012
10,+39 340534874,clercari@example.org,Montesano,"Via Rossini, 8",Bosnasco,SV,04011
11,+39 377759826,mirco05@example.org,Greco,"Stretto Pisano, 3",Borgonuovo Di Neive,AO,16038
12,3296342163,paulinasbarbaro@example.com,Marino,"Piazza Flora, 56",Madonna Di Pugliano,AQ,38037
13,3388501420,umusatti@example.com,Roero,"Vicolo Favata, 10",Casaletto Spartano,ME,80030
14,35145148454,fredopuglisi@example.net,Parini,"Incrocio Vespa, 464",Coreno Ausonio,MI,98071
15,+39 0874721481,gianluca32@example.org,Beffa,"Vicolo Bonomo, 86",Lignano Pineta,EN,03039
16,+39 3505163280,saracenodonato@example.com,Turchi,"Vicolo Tiepolo, 388 Piano 3",Vocogno,TN,06059
17,3515347145,vincenza81@example.org,Contrafatto,"Via Gabba, 676",Montemezzo,CO,07027
18,3511909674,ipucci@example.net,Vergassola,"Borgo Lattuada, 67",Clauiano,TA,00131
19,378029806,dchittolini@example.org,Benigni,"Rotonda Franscini, 775 Piano 1",Cairate,AN,35125
20,+39 371653100,corradigino@example.org,Sforza,"Viale Imelda, 5",Borgata Marina,GO,41035
21,+39 350549663,manzoniserafina@example.net,Casini,"Stretto Renzi, 181",Agosta,ME,10062
22,38126284979,luigi31@example.com,Salvemini,"Vicolo Parini, 60",Lu Ricciu,CS,28066
23,057749480,lianapisano@example.com,Vitturi,"Canale Stradivari, 40",Runco,SV,26836
24,33495788585,tjuvara@example.com,Gianetti,"Rotonda Dante, 53",Pontone,BG,12071
25,0445524080,viscontilamberto@example.net,Ceci,"Piazza Antonina, 837 Appartamento 24",Norcia,MC,56123
26,+39 094102294,zabarellamarina@example.com,Gelli,"Viale Malipiero, 4 Appartamento 23",Lagaro,CN,01019
27,+39 0375067970,isa47@example.org,Giannotti,"Incrocio Damiano, 32 Appartamento 52",Vallecorsa,BZ,50037
28,366648877,mmimun@example.com,Asprucci,"Canale Romina, 4",Laipacco,PR,98071
29,04219671765,curielmarcello@example.com,Taliercio,"Stretto Barese, 521 Piano 8",Giungano,RO,45021
30,0736038597,goffredovezzali@example.org,Lupo,"Strada Badoer, 92 Piano 1",Panettieri,VV,29121
31,37151274867,rolandovigorelli@example.org,Passalacqua,"Strada Guido, 155",Roisan,CL,98149
32,0578588673,xgiannotti@example.com,Battelli,"Incrocio Pavone, 7 Piano 1",Quero Vas,BG,05018
33,01232621751,serena86@example.com,Sraffa,"Borgo Elvira, 23",Villa San Vincenzo,MI,00142
34,35110050452,virgiliopolizzi@example.net,Errigo,"Strada Cristina, 39",Plan Felinaz,NA,20003
35,05107482156,rolando43@example.com,Soranzo,"Incrocio Antonietta, 59",Ginostra Di Lipari,FG,66021
36,+39 373974395,giovanna21@example.net,Barracco,"Piazza Ossani, 631 Appartamento 92",Brancaleone Marina,FI,00124
37,373745171,xvolterra@example.org,Peruzzi,"Stretto Catalano, 725",Monchio Delle Corti,NO,85040
38,382931746,baresileopoldo@example.com,Carriera,"Stretto Durante, 937",Gonzaga,RM,47014
39,0984640537,cirillo58@example.net,Offredi,"Contrada Faugno, 7",Pogerola,AT,14046
40,+39 035931839,matilda29@example.org,Lerner,"Stretto Giorgio, 1",Raddusa,LT,23877
41,012424026,xsagredo@example.com,Toselli,"Stretto Gangemi, 88",Filorsi,NU,73052
42,360177115,guglielmovespucci@example.net,Modiano,"Viale Togliatti, 1 Piano 7",Lavariano,MN,13864
43,0733615655,fboitani@example.org,Caboto,"Rotonda Paola, 28 Piano 5",Serravalle Scrivia,TA,89843
44,096545198,ggarzoni@example.com,Viviani,"Contrada Antonina, 16 Appartamento 64",Oggiono,AG,16125
45,+39 0922612016,kmorrocco@example.com,Mazzacurati,"Piazza Ermanno, 9 Piano 7",Giusvalla,OT,98070
46,0532381569,qtrombetta@example.com,Beccheria,"Vicolo Bersani, 43",Torre Di Santa Maria,FR,15069
47,+39 0117622681,bbasso@example.org,Savorgnan,"Vicolo Riccardi, 216",San Lorenzo Della Pi,CI,91012
48,0321613698,vmastroianni@example.com,Gangemi,"Strada Tullio, 68 Appartamento 3",Oniferi,FM,17039
49,+39 09742127795,ranieriboldu@example.com,Roth,"Vicolo Bertoni, 88 Piano 0",Barberi,LC,21026
50,+39 3520199869,ufarinelli@example.net,Silvestri,"Viale Claudio, 1",Roca,SR,98034
51,08848925565,monteverdibaccio@example.com,Caccioppoli,"Contrada Conti, 51 Piano 2",Pitelli,GO,36035
52,35195281604,giampaolomortati@example.com,Ferrabosco,"Via Beppe, 31",San Martino Pizzolan,CL,00067
53,+39 37109270639,marcella73@example.net,Giovine,"Borgo Pacelli, 737 Appartamento 9",Paola Marina,AT,57124
54,0932181417,ritaromano@example.org,Gargallo,"Piazza Pozzecco, 426 Piano 3",Monte Vidon Combatte,GR,47014
55,3802204727,antoninigirolamo@example.org,Conte,"Contrada Gilberto, 1 Piano 9",Busto Arsizio,BA,29010
56,0963808936,niscoromnigioacchino@example.net,Prati,"Stretto Michelotto, 88",Ospizio,RI,70056
57,0500515312,alina52@example.net,Scarpa,"Via Azeglio, 40 Appartamento 50",Pognana Lario,VB,45025
58,05003450516,yrosselli@example.com,Fanucci,"Rotonda Traversa, 231 Piano 5",Trodena,BL,15068
59,05579627509,oleoncavallo@example.org,Borromeo,"Stretto Curatoli, 12 Appartamento 63",Plataci,PI,87054
60,+39 3387557196,federica43@example.org,Aulenti,"Stretto Pederiva, 84",Tarantasca,SV,56046
61,+39 0345217275,vidonialessandra@example.com,Mantegazza,"Rotonda Torquato, 1",Castiadas,UD,51015
62,+39 058689578,masperoparide@example.net,Soderini,"Vicolo Borgia, 85 Piano 2",Villalunga,TN,47924
63,086201824,jolanda35@example.net,Loredan,"Borgo Vigorelli, 92",Fara Gera D'Adda,RN,00163
64,+39 039995900,fernanda39@example.com,Baglioni,"Canale Marangoni, 523 Appartamento 72",Pozzuolo Del Friuli,NA,24047
65,0975255568,meuccigioacchino@example.com,Castellitto,"Borgo Cimini, 740 Appartamento 45",Oggiona,OR,38085
66,0861470163,antonio04@example.com,Segrè,"Strada Puccio, 714 Piano 0",Montappone,LE,30035
67,019687849,pertilenico@example.com,Zabarella,"Borgo Chiara, 8 Appartamento 82",Albi,CL,38093
68,+39 05729526998,tzanichelli@example.com,Antonacci,"Canale Capecchi, 159 Appartamento 30",Bolotana,CA,26825
69,+39 09341307523,xtassoni@example.net,Serao,"Stretto Giacinto, 67",Pappiana,PG,13899
70,33849733434,graziellastefanelli@example.com,Sokolov,"Contrada Castelli, 316 Piano 1",Broni,MI,20023
71,043238484,gioachinobenussi@example.net,Turchi,"Piazza Ciro, 25",Brusatasso,PE,00029
72,331773454,vittoriobaresi@example.org,Procacci,"Incrocio Milena, 12",Badalucco,PI,41029
73,0541788724,montaltiettore@example.net,Sauli,"Piazza Loredana, 4 Piano 6",Procaria,BN,73045
74,+39 0422275306,vinteriano@example.com,Amato,"Borgo Blasi, 397 Piano 1",Codiponte,LC,22021
75,+39 37742727968,marianagramsci@example.net,Bragadin,"Strada Zecchini, 0 Appartamento 25",Santhia',SO,56024
76,+39 3510870727,umascagni@example.org,Petrassi,"Borgo Barbara, 60 Appartamento 11",Caprarica Di Lecce,MN,16043
77,+39 323656766,danilo28@example.com,Trupiano,"Piazza Maria, 994",Meran,VC,26041
78,+39 0784524319,giuntigeronimo@example.org,Callegaro,"Vicolo Bellò, 80",Paolini,OG,83040
79,+39 08624395932,piergiuseppemantegna@example.com,Bignardi,"Stretto Tamborini, 975",Filettole,CL,63092
80,0422873340,jprati@example.net,Chigi,"Contrada Gastone, 61 Appartamento 70",Noicattaro,BT,18026
81,+39 082335403,sgolgi@example.net,Fittipaldi,"Stretto Ludovico, 956 Piano 5",San Pellegrino,NA,47010
82,320535560,gulottaangelica@example.net,Procacci,"Borgo Marcello, 96 Piano 4",Castelnuovo Bormida,TA,56041
83,039522872,bellomarina@example.org,Pometta,"Strada Isabella, 60",Donori',RC,55032
84,0124088608,alderano86@example.org,Canevascini,"Borgo Fredo, 75",Molvena,MC,96014
85,+39 36334101660,doninibruno@example.com,Ritacca,"Stretto Ansaldo, 53 Appartamento 4",Raffa,VI,86026
86,+39 3776392612,vveltroni@example.com,Cilibrasi,"Piazza Cainero, 73",Trodio,AO,46036
87,0832358661,nedda31@example.org,Interminelli,"Canale Cossiga, 25",Miracoli,GO,98133
88,32041212681,bruscantinimichelangelo@example.net,Caboto,"Piazza Maffei, 6 Appartamento 6",Cologna,FI,63815
89,0852126467,giorgio37@example.net,Ferrata,"Via Leopoldo, 786 Piano 6",Roccagorga,GE,86096
90,+39 0823526549,nicola46@example.com,Carnera,"Canale Marissa, 57",Ramon Campagna,VB,09123
91,03644342619,ipiccio@example.net,Prodi,"Stretto Bresciani, 33",Baricetta,OG,14026
92,0341014385,xscaramucci@example.net,Tartini,"Piazza Soprano, 24",Santa Maria Maddalen,AQ,61048
93,0783387577,baldassare40@example.net,Carosone,"Canale Cantimori, 3",Monte Cerignone,PC,92021
94,0456226609,apellegrini@example.net,Gabbana,"Strada Camanni, 425",St.Walburg Ulte,SA,56031
95,09636969159,paolettamalpighi@example.net,Brenna,"Strada Giorgetti, 31",Santa Restituta,MS,34151
96,0761278284,flaviomedici@example.com,Bernetti,"Viale Durante, 776 Piano 7",Locorotondo,BL,37035
97,+39 38834043829,gvianello@example.org,Carnera,"Stretto Bassi, 28 Appartamento 4",Isasca,FE,12061
98,+39 0774133952,paolettafoconi@example.org,Nicolini,"Rotonda Irma, 94 Appartamento 6",Senna Comasco,RM,47838
99,+39 04925367267,cabotopatrizio@example.net,Lettiere,"Viale Monaco, 61 Piano 3",Piedimonte Di Sessa ,VC,25041
100,0523545895,beffacirillo@example.net,Savorgnan,"Via Ranieri, 40",Marzano Di Nola,CB,46042
101,+39 3315415204,tburcardo@example.org,Abba,"Strada Chiappetta, 18",Corpo Di Reno,VB,48027
102,362271361,nanni42@example.com,Chiaramonte,"Stretto Annetta, 69",Casalbordino,RE,02010
103,0984731125,ymedici@example.org,Granatelli,"Borgo Angelica, 40 Piano 4",Mulargia,TS,23889
104,0711379185,osvaldopuglisi@example.com,Vergassola,"Strada Antonacci, 40",Kiens,UD,73022
105,3515866611,bernardo83@example.org,Valguarnera,"Vicolo Boezio, 6 Appartamento 21",Castanea Delle Furie,RA,83027
106,33521020252,dino41@example.org,Monti,"Stretto Boccaccio, 89 Piano 0",Borgo Appio,VT,37049
107,+39 058824191,anastasigioele@example.org,Serlupi,"Via Endrizzi, 448 Piano 5",Casette D'Ete,VC,80143
108,0344802381,xlombroso@example.com,Monaco,"Piazza Pacillo, 464",San Romedio,TN,17021
109,+39 03720603800,gmartucci@example.org,Turati,"Viale Bianchini, 4",Civita,VI,06043
110,3665719181,rizzolifrancesca@example.org,Ginese,"Rotonda Perozzo, 55 Appartamento 3",Ponte Della Priula,CL,41014
111,+39 07827561834,hiannuzzi@example.org,Cristoforetti,"Borgo Romana, 2 Piano 6",Crispiero,VS,63082
112,397206788,zcamanni@example.org,Cassarà,"Borgo Domenico, 226",Misileo,BA,17042
113,392215107,fperuzzi@example.org,Pasolini,"Rotonda Giampaolo, 84 Appartamento 9",Calvisi,OR,08028
114,018414626,pasolinimelissa@example.net,Oliboni,"Rotonda Ziani, 36 Piano 9",Meta,AO,27057
115,+39 392785932,goffredoubaldi@example.net,Bertolucci,"Rotonda Dovara, 63",Palazzuolo Sul Senio,PI,37017
116,+39 0922378420,gianninichiara@example.org,Antonucci,"Rotonda Diana, 312 Appartamento 2",Montoro Inferiore,VI,05022
117,37741569142,lisaromagnoli@example.net,Spinola,"Stretto Griselda, 53 Piano 2",Ripe Civitella Del T,TE,67027
118,377890295,vcimini@example.net,Bosio,"Rotonda Detti, 145",Torrazzo,SV,80011
119,0511006767,inicolucci@example.com,Calvo,"Via Rocco, 150 Appartamento 31",Montefranco,CB,80077
120,+39 0575997062,calvomarco@example.org,Favata,"Canale Lombardi, 3 Piano 9",Sant'Andrea Ionio Ma,CL,83023
121,010614973,faustomaffei@example.org,Sforza,"Incrocio Semitecolo, 34",Ceresara,LI,10146
122,+39 0776047749,coppolamarcella@example.net,Cagnin,"Stretto Porcellato, 98",Grottaminarda,PG,58018
123,+39 081416089,kdossi@example.org,Ferragamo,"Incrocio Bernardo, 63",Fraviano,BN,70129
124,09325487012,antonellacallegari@example.org,Zanichelli,"Stretto Muratori, 814",Barile,FG,74012
125,+39 351396065,xioppi@example.org,Moresi,"Contrada Strangio, 83 Piano 4",Aringo,RG,84129
126,+39 077536785,matteottijolanda@example.net,Pininfarina,"Via Fredo, 0",Monte San Savino,AT,10045
127,+39 053557861,severino97@example.org,Sgarbi,"Via Guicciardini, 14 Appartamento 9",Zia Lisa,RN,22075
128,+39 052368007,garronegiosue@example.net,Marino,"Incrocio Navone, 54 Piano 9",Castel San Pietro Te,AG,38055
129,09239944114,sophia44@example.net,Mancini,"Stretto Marina, 60",Bellinzago Novarese,RM,53021
130,0521666093,goffredi@example.com,Donati,"Strada Semitecolo, 24",Farra D'Alpago,LT,22041
131,0755549470,sermontiveronica@example.org,Tartini,"Stretto Mancini, 0",Monchio Nel Frignano,SP,09124
132,0365521750,salvoguglielmo@example.org,Disdero,"Strada Cesaroni, 776",Viadanica,AR,32045
133,+39 344505830,griseldamurialdo@example.com,Cerutti,"Stretto Marrone, 51",Castel Condino,TE,06049
134,0773257530,gianfrancochechi@example.org,Argenti,"Rotonda Lara, 96",Ottava,RO,41035
135,+39 0166167617,griseldaaloisio@example.com,Puglisi,"Vicolo Ciani, 21",Rignano Garganico,OR,17052
136,+39 328483564,sfoletti@example.com,Montalti,"Piazza Germana, 31",Eianina,TA,47043
137,351937447,tatianabarracco@example.com,Omma,"Strada Cadorna, 0 Piano 5",Benevello,RC,20143
138,+39 05952166766,costanzochiappetta@example.net,Biagiotti,"Incrocio Camilla, 369",Viterbo,SS,33072
139,3780716705,trezzinimarisa@example.net,Zetticci,"Stretto Treves, 66",Bee,CL,36030
140,+39 0122287725,marcolettiere@example.org,Tolentino,"Incrocio Gibilisco, 87",Cerchio,MO,86039
141,+39 086101660,veronica88@example.org,Saraceno,"Piazza Garobbio, 625 Appartamento 3",San Michele Mondovi',LT,60013
142,3661027269,francescocasini@example.com,Gadda,"Rotonda Corrado, 80 Appartamento 7",Nibbia,PE,95044
143,3500829229,toni66@example.net,Grassi,"Rotonda Majewski, 92 Piano 8",Prataccio,SO,30037
144,+39 0426394521,annamaria79@example.net,Priuli,"Piazza Tresoldi, 30 Appartamento 33",Copertino,SS,20853
145,+39 3311043807,lucianazamorani@example.com,Gioberti,"Incrocio Osvaldo, 5 Piano 3",Verza,VR,22078
146,3839893342,fedeletosi@example.org,Paolucci,"Contrada Viviani, 12",Sasso Di Castalda,NA,02043
147,+39 03735909491,vincentio32@example.net,Boldù,"Stretto Valier, 41",Caldonazzo,IS,10050
148,0434987807,evagori@example.org,Micheletti,"Incrocio Girolamo, 980 Appartamento 4",Trarego Viggiona,PA,84042
149,+39 0382880131,adelerocca@example.net,Bonino,"Viale Letizia, 0",Chiocchio,CE,20867
150,+39 09413466760,icasale@example.org,Bocca,"Rotonda Tiziano, 284",San Pietro In Trento,LU,87040
151,03758326825,viscontitatiana@example.net,Cipolla,"Piazza Antonina, 48",Serbadone,CS,08037
152,+39 037623943,vezzaliromolo@example.net,Vianello,"Canale Boitani, 61",Cargeghe,BS,23837
153,+39 05419135759,annunziatazito@example.com,Mercadante,"Piazza Luca, 533 Piano 7",Pile,MO,10030
154,0825812912,livia11@example.org,Tolentino,"Vicolo Frescobaldi, 938",Le Regine,LU,22041
155,0363788168,sandradelle@example.net,Cimarosa,"Via Annunziata, 17 Piano 3",San Vito Chietino,FE,10146
156,+39 0163385670,claudio84@example.net,Iannelli,"Canale Pareto, 79",Camnago,PR,08035
157,3975779082,beppetoso@example.net,Lollobrigida,"Via Ermenegildo, 9",Valdaone,VE,14015
158,+39 0824773920,ceravoloantonina@example.net,Curiel,"Vicolo Enrico, 312",Vall'Alta,BL,25082
159,097577236,fabio57@example.net,Bombieri,"Incrocio Cherubini, 30",Scheggia E Pascelupo,CE,58031
160,+39 379188117,atrentini@example.com,Battaglia,"Viale Monica, 35 Piano 7",Berbenno Di Valtelli,VT,84055
161,096586430,panicuccifilippa@example.org,Mennea,"Strada Costalonga, 569 Piano 6",Pianezza,MN,30025
162,0415887446,giacomettiriccardo@example.net,Cutrufo,"Stretto Pasquale, 8",Brindisi Casale,RI,67057
163,+39 3773279613,bernardo90@example.net,Pausini,"Vicolo Bettoni, 17 Piano 3",Gombola,TS,38047
164,+39 098420530,melina65@example.net,Petralli,"Stretto Alberto, 961 Piano 3",Bezzecca,MB,74020
165,+39 0521268185,toselligirolamo@example.net,Greggio,"Vicolo Sordi, 85 Piano 1",Farfengo,BA,13044
166,+39 3383565883,carmelo65@example.org,Vismara,"Rotonda Nitto, 39",Villa Sant'Angelo,TR,24010
167,+39 3453433332,bossigiorgia@example.net,Surian,"Viale Niccolò, 87",Granozzo Con Montice,LU,22031
168,+39 0171867806,scasellati@example.net,Sbarbaro,"Piazza Gianna, 66 Piano 2",Napoli,CN,20153
169,37749552735,silvia64@example.com,Errigo,"Strada Licia, 73",Guarcino,VA,04015
170,39102672874,pezzalicirillo@example.net,Dalla,"Contrada Salvi, 567",Carpineto Sinello,AQ,75017
171,0345593995,giada87@example.net,Saffi,"Vicolo Luciani, 72",Gemmano,VI,80042
172,+39 03765355494,vorsini@example.net,Treccani,"Via Falier, 22 Appartamento 22",Santo Stefano Di Rog,BA,50137
173,+39 013168114,omaspero@example.org,Loredan,"Via Vincentio, 60 Piano 7",Zavattarello,PE,98134
174,+39 37018299785,ovecellio@example.org,Rossini,"Incrocio Guinizzelli, 4 Appartamento 85",Salassa,SV,56124
175,0547064933,bzamengo@example.com,Greco,"Incrocio Galuppi, 451",Zampine,MN,18025
176,+39 04212417943,aldo20@example.net,Argento,"Contrada Graziano, 7",Soresina,CL,64010
177,04345647501,arsenioinnocenti@example.com,Bongiorno,"Borgo Virginia, 6 Appartamento 46",Fontanaluccia,CH,91018
178,+39 088337645,grisonisantino@example.net,Mancini,"Piazza Gaito, 63",Concas,UD,27017
179,+39 0732300971,ermenegildotartaglia@example.org,Morgagni,"Rotonda Fabia, 8",Bomporto,KR,86044
180,39173065207,alessandra73@example.net,Fanucci,"Viale Leone, 51 Piano 8",Cortenedolo,MB,67017
181,34420959313,jvilladicani@example.net,Longhena,"Canale Milanesi, 1 Appartamento 2",Vert,BI,55064
182,+39 03310967803,andreottigiacinto@example.net,Strangio,"Canale Bignardi, 68",Pordenone,PV,88838
183,+39 377741381,mfaugno@example.net,Grasso,"Strada Odescalchi, 6",San Salvo Marina,PE,73051
184,33328975556,concetta39@example.net,Gabba,"Rotonda Samele, 6 Piano 9",Madignano,PR,34125
185,011433504,sbarbaromichele@example.org,Cicilia,"Vicolo Greco, 244 Appartamento 35",Teano,VC,40064
186,01619610561,ludovicaamato@example.net,Pasolini,"Stretto Basadonna, 98",Lamosano,CL,89823
187,3701799814,icomolli@example.com,Bramante,"Stretto Pasqual, 931 Appartamento 7",Civiglio,LU,37139
188,+39 09239833169,carduccigermana@example.com,Randazzo,"Borgo Michelangeli, 39 Piano 9",Villa Santo Stefano,RC,03025
189,016533521,donatellacomisso@example.com,Angeli,"Contrada Roberto, 40 Appartamento 98",Domusnovas,RC,33039
190,+39 0698042040,ealighieri@example.com,Lamborghini,"Piazza Lamberto, 93 Piano 7",Mediis,CT,17054
191,09230038472,nadigiulietta@example.com,Norbiato,"Stretto Guido, 144 Appartamento 35",Adrano,TE,13040
192,+39 0737392647,fiammacicilia@example.net,Vendetti,"Contrada Gloria, 6",Corona,BA,36022
193,+39 04225205644,melaniafarina@example.org,Cheda,"Vicolo Dina, 9",Genivolta,SS,85050
194,0307289757,kcibin@example.org,Gemito,"Piazza Jilani, 3",Scoffera,CE,98046
195,36157366059,treccanicorrado@example.com,Saracino,"Stretto Adele, 90",Albacina,FR,98048
196,3500447269,ronaldosalvo@example.org,Tasca,"Vicolo Vincenza, 616",Frondarola,MB,24029
197,0322452115,trevisanisabella@example.com,Tornatore,"Stretto Parpinel, 32",St. Moritz/Ulten,CE,89842
198,055474212,alberico77@example.com,Venturi,"Borgo Gagliardi, 87",Schmuders,EN,31032
199,3513830220,silviabalbo@example.net,Mancini,"Piazza Corrado, 92 Appartamento 17",Divieto,TN,63085
200,0588616817,leoncavallomarcello@example.net,Porcellato,"Vicolo Arturo, 59",Commenda,RG,86042
