EmployeeID,FirstName,LastName
1,Eugenia,Caracciolo
2,Alfio,Leone
3,Gioele,Garozzo
4,Elladio,Camicione
5,Giorgia,Verdone
6,Calogero,Querini
7,Amedeo,Baggio
8,Carmelo,Galeati
9,Gianpaolo,Tirabassi
10,Chiara,Avogadro
11,Annamaria,Filangieri
12,Lauretta,Verdone
13,Piero,Galuppi
14,Ricciotti,Lettiere
15,Paloma,Alboni
16,Maria,Cuomo
17,Ilaria,Raimondi
18,Massimiliano,Lettiere
19,Ermanno,Gabrieli
20,Mariana,Morandini
21,Claudio,Cabibbo
22,Nino,Cagnin
23,Micheletto,Muratori
24,Claudia,Iannucci
25,Ornella,Battaglia
26,Lina,Sauro
27,Adelasia,Cattaneo
28,Nicol√≤,Bosurgi
29,Amanda,Magnani
30,Renata,Opizzi
31,Aurora,Ferrabosco
32,Irma,Bonanno
33,Antonino,Gentilini
34,Martina,Luxardo
35,Bernardo,Giannini
36,Stefania,Callegaro
37,Nino,Lettiere
38,Rodolfo,Ossani
39,Ettore,Paganini
40,Michelangelo,Foscari
41,Germana,Interiano
42,Iolanda,Bongiorno
43,Concetta,Donini
44,Vittorio,Gotti
45,Ettore,Scamarcio
46,Nino,Jilani
47,Eugenia,Volta
48,Giancarlo,Mocenigo
49,Rosaria,Bertolucci
50,Gianmarco,Balbi
