CustomerID,FirstName,LastName,Email
1,Michelangelo,Randazzo,uschiavone@example.org
2,Giada,Caironi,pinamontelilla@example.com
3,Nicoletta,Cantimori,fredofavata@example.net
4,Ricciotti,Cimarosa,rfalcone@example.com
5,Gionata,Borromini,gvigliotti@example.org
6,Fernanda,Veltroni,cabrinimarcella@example.org
7,Fabio,Pisano,nsollima@example.com
8,Atenulf,Dandolo,yaccardo@example.com
9,Mercedes,Santorio,piersanti87@example.org
10,Franco,Malenchini,arturoveneziano@example.org
11,Ludovica,Mazzini,benignibettina@example.com
12,Tiziano,Turchi,arturotomasetti@example.org
13,Serafina,Fantoni,boldugianna@example.org
14,Patrizio,Casarin,barbarabarsanti@example.net
15,Biagio,Pucci,giulio35@example.org
16,Giustino,Petrassi,germanamantegazza@example.com
17,Luchino,Bonolis,sattadonna@example.net
18,Ciro,Borghese,toninoimpastato@example.org
19,Maurilio,Bombieri,napoleonelucarelli@example.org
20,Raimondo,Vento,daria80@example.net
21,Paulina,Vismara,francesca12@example.com
22,Daniele,Canevascini,guarinolombardo@example.net
23,Giacobbe,Mozart,giuseppinaiannotti@example.net
24,Severino,Gregorio,cabibboemma@example.com
25,Renata,Lercari,agazzimariano@example.org
26,Etta,Iacobucci,luciarossini@example.net
27,Isa,Renier,cardanobenvenuto@example.net
28,Enzio,Verga,pacomioberenice@example.net
29,Enrico,Riccati,ansaldomascagni@example.com
30,Vittoria,Barsanti,giacobbe31@example.com
31,Melina,Zacco,pcostalonga@example.org
32,Nicoletta,Eco,larmellini@example.net
33,Mariano,Polizzi,goffredocuomo@example.net
34,Corrado,Pasolini,segregianfrancesco@example.org
35,Paulina,Sbarbaro,liberto33@example.org
36,Flora,Ferragni,rmondaini@example.org
37,Martina,Liguori,eva86@example.net
38,Rosaria,Valguarnera,alphons14@example.org
39,Beatrice,Impastato,canovacassandra@example.com
40,Matteo,Mazzini,htornatore@example.com
41,Vittoria,Favata,antonello60@example.net
42,Olga,Varano,mircoricolfi@example.org
43,Gabriella,Montalcini,francesca14@example.net
44,Lodovico,Pizzetti,patrizio48@example.org
45,Fredo,Puglisi,ndraghi@example.net
46,Leone,Pisani,marenzioivan@example.org
47,Puccio,Milanesi,crossini@example.net
48,Giampaolo,Torlonia,qdonarelli@example.org
49,Ippazio,Totino,carmelo34@example.org
50,Olga,Filangieri,alfiobeffa@example.org
51,Salvi,Bonomo,oporzio@example.net
52,Fulvio,Pastine,ppiazzi@example.org
53,Filippa,Ajello,rauricagiancarlo@example.org
54,Ninetta,Trapani,jbenigni@example.org
55,Sandra,Cassarà,zchiesa@example.com
56,Gelsomina,Turchi,margherita79@example.net
57,Victoria,Tiepolo,cvespa@example.org
58,Luciana,Sibilia,wguidone@example.org
59,Rosalia,Lerner,rgiovine@example.com
60,Beppe,Lucciano,guarinomorabito@example.com
61,Vincenza,Vecoli,ciciliaenzo@example.org
62,Oreste,Corradi,azegliopozzecco@example.com
63,Marco,Venier,dpraga@example.org
64,Roberta,Pugliese,wantonucci@example.net
65,Nino,Sinisi,nievolazzaro@example.com
66,Serena,Pucci,sergiusgalilei@example.com
67,Raffaello,Spanevello,pellegrinimartino@example.net
68,Giovanna,Pirandello,rosaliaschicchi@example.org
69,Donna,Udinese,pertilecarla@example.net
70,Francesca,Babati,renzidurante@example.com
71,Fiorenzo,Benigni,nino53@example.com
72,Marcantonio,Moresi,wlettiere@example.com
73,Giosuè,Bragadin,vantonioni@example.net
74,Arnaldo,Nibali,federicabombieri@example.net
75,Annibale,Bajamonti,galassoaporti@example.net
76,Eraldo,Giorgetti,salvatorecarocci@example.net
77,Gian,Scarpetta,marisa52@example.net
78,Clelia,Carocci,lorenzocannizzaro@example.net
79,Alfredo,Mazzacurati,tpetrucci@example.org
80,Benvenuto,Golino,manzoniserafina@example.net
81,Cecilia,Casini,napolitanovito@example.com
82,Fortunata,Paganini,tognazzifabrizia@example.com
83,Alberico,Pugliese,bcamuccini@example.com
84,Erika,Savorgnan,raffaellinodurante@example.net
85,Valerio,Jovinelli,bscarpetta@example.net
86,Carla,Inzaghi,serena31@example.com
87,Tonia,Salvemini,luisascarpa@example.net
88,Cristina,Parini,alphons75@example.org
89,Sergius,Franzese,nedda45@example.com
90,Tiziana,Leopardi,traettafranco@example.org
91,Gioacchino,Pisano,wvitturi@example.org
92,Graziella,Simeoni,ysagnelli@example.org
93,Carmelo,Majewski,pellegrinogonzaga@example.com
94,Francesca,Pacillo,hvisconti@example.com
95,Pietro,Vigliotti,mauro74@example.com
96,Giorgio,Gianetti,ferragamoluchino@example.org
97,Luciana,Valentino,fredogagliano@example.net
98,Saverio,Lercari,ciro34@example.org
99,Michelotto,Errani,alberto82@example.com
100,Antonino,Berrè,ilaria27@example.org
101,Sylvia,Anastasi,ruggiero77@example.com
102,Fiorino,Bergoglio,sophia71@example.org
103,Pasquale,Stucchi,bernettienzo@example.org
104,Paola,Zanichelli,calcedonio31@example.net
105,Marina,Pratesi,mauratresoldi@example.com
106,Roberto,Rubbia,sonia96@example.com
107,Antonia,Bignami,folettielena@example.org
108,Giustino,Bova,ginodovara@example.net
109,Benvenuto,Crisafulli,pizzettiroberto@example.net
110,Carolina,Segni,amedeo34@example.net
111,Ignazio,Sansoni,giannottigiustino@example.net
112,Bianca,Ficino,icarosone@example.org
113,Fabrizia,Contarini,ramona21@example.org
114,Ezio,Martucci,raimondo17@example.net
115,Leopoldo,Pinamonte,temistocle87@example.com
116,Biagio,Barsanti,mmimun@example.com
117,Alfredo,Buscetta,giannaargan@example.net
118,Pina,Jacuzzi,dulbeccoruggiero@example.net
119,Fernanda,Roth,filippo96@example.net
120,Paoletta,Stucchi,segnimaurilio@example.com
121,Mariano,Micheletti,curielmarcello@example.com
122,Griselda,Taliercio,francesca68@example.org
123,Rodolfo,Brunelleschi,giosue51@example.com
124,Stefani,Toso,venierromolo@example.com
125,Arnulfo,Farina,donna77@example.org
126,Gastone,Interiano,ivoroncalli@example.net
127,Sebastiano,Cassarà,giradellojolanda@example.org
128,Lorenzo,Vigorelli,violapier@example.org
129,Gianluca,Carli,pcasadei@example.org
130,Telemaco,Maffei,pierluigi77@example.org
131,Rolando,Vigorelli,orestefederici@example.net
132,Torquato,Cianciolo,leopardimartina@example.com
133,Massimiliano,Tomaselli,pina04@example.net
134,Lazzaro,Stein,riccardovasari@example.com
135,Matteo,Montanelli,usantoro@example.org
136,Ilaria,Giovine,xgiannotti@example.com
137,Antonello,Merisi,yparri@example.net
138,Morena,Corcos,ibarese@example.net
139,Camilla,Montanariello,rosselliniciro@example.net
140,Rolando,Anguissola,pierangelocostalonga@example.org
141,Ruggiero,Iannuzzi,eleanora61@example.com
142,Serena,Ubaldi,omercalli@example.net
143,Vanessa,Sraffa,bombierigianpietro@example.net
144,Giulietta,Luna,ludovicabuonauro@example.com
145,Cirillo,Callegari,sdellucci@example.com
146,Alphons,Beffa,natalia04@example.com
147,Nico,Ricciardi,gioeleturchi@example.com
148,Annunziata,Errigo,federicobosurgi@example.net
149,Susanna,Pasolini,stefanocociarelli@example.org
150,Romolo,Grossi,qgualtieri@example.org
